{"cameraMode":{"drawMode":0,"name":"Shaded","section":"Shading Mode"},"sceneLighting":true,"audioPlay":false,"sceneViewState":{"m_AlwaysRefresh":false,"showFog":true,"showSkybox":true,"showFlares":true,"showImageEffects":true,"showParticleSystems":true,"showVisualEffectGraphs":true,"m_FxEnabled":true},"in2DMode":false,"pivot":{"x":14.743683815002442,"y":-17.48735809326172,"z":64.2734603881836},"rotation":{"x":0.14826449751853944,"y":0.08149037510156632,"z":-0.012256594374775887,"w":0.9855166077613831},"size":43.563873291015628,"orthographic":false}